-- *****************************************************************************
-- This script contains INSERT statements for populating tables with seed data
-- *****************************************************************************

BEGIN;

-- INSERT statements go here



 
 
insert into recipe (name, serving_size, preptime, ingredient_list, instructions,image_path) values('Baby Spinach, Avacado, Grapefruit Salad with Balsamin Vinaigrette', 10, 15, '2 medium avacados (sliced), 12oz baby spinach, 3 grapefruits, cut into segments, 2oz red wine vinegar, 2oz balsmic vinegar, 1 teaspoon Dijon mustard, 1/2 teaspoon sugar, 12oz olive oil, salt and pepper', '1. combine the vinegars, mustard, salt, pepper, and sugar ina  small bowl. 2. Gradually whisk in the oil a little at a time until the dressing is emulsified. 3. In a larger bowl, add the spinach, avacado, and grapefruit segments. Drizzle the balsamic dressing and toss. Season with Salt and Pepper','Baby Spinach, Avacado, Grapefruit Salad with Balsamin Vinaigrette');
insert into recipe (name, serving_size, preptime, ingredient_list, instructions,image_path) values('Chicken and Shrimp Gumbo', 8, 45, '1/2 tablespoon vegetable oil, 2oz andouile sausage (diced small), 4oz chicken breast (diced medium), 4oz shrimp (peeled deveined and chopped), 1 onion (diced), 1 green pepper (diced), 2 celery stalks (diced), 1 jalapeno (minced), 3 tablespoons green onions (sliced), 1 clove of garlic (minced), 1 bag frozen okra, 2 tomatoes (seeded and diced), 1/2 cup all purpose flour, 1 quart chicken broth, 1 bay leaf, 1 teaspoon dried oregano, 1 teaspoon onion powder, 1/2 teaspoon dried thyme, Salt and pepper, 5oz cooked long grain white rice', '1. Heat the oil in a large pot over medium high heat and add andouille sausage. Saute, stirring occasionally until the sausage becomes firm, twominutes. 2. Add the chicken and sear until it begins to lose its raw appearance, two to three minutes. 3. Add the onions, peppers, celery, jalapeno, green onion, garlic, okra, and tomatoes. Saute stirring occasionally, until the vegetables are tender and the onions are translucent, five to seven minutes. 4. Add the flour and cook for one minute, stirring occasionally. Add the chicken broth and stir to work out any lumps. 5. Add the bay leaf, oregano, onion powder, thyme, basil, salt, and pepper. Simmer for 30 minutes. 6. Add the shrimp and cooked rice and summer for two additional minutes. Whisk in the gumbo file powder. Be sure to blend well and do not allow the soup and do not allow the soup to return to a boil, about four minutes. Remove the bay leaf and serve.','Chicken and Shrimp Gumbo');
insert into recipe (name, serving_size, preptime, ingredient_list, instructions,image_path) values('Chicken Caesar Club', 4, 35, '2 chicken breasts, 1 tablespoon olive oil, 1 clove garlic (peeled), 2 tablespoons fresh parsley (chopped), 2 teaspoons anchovy paste, 1 teaspoon dijon mustard, 2 tablespoons fresh squeezed lemon juice, 1/2 cup mayonnaise, 4 ciabatta sandwich rolls, 1 head romaine lettuce (washed and dried), 4 slices of cooked crisp bacon, 4oz shaved parmesan cheese, Salt and pepper', '1. Preheat the oven to 350 degrees. Lightly rub chicken breast with olive oil and season with salt and pepper. Rpast for 30 minutes, until cooked through. Let rest 10 minutes, then slice thick. 2. To make the Caesar dressing, combine the garlic and parsley in the bowl of a food processor. Pulse until finely minced. Add the anchovy paste, mustard, lemon juice, and mayonnaise. Process until smooth and well blended. Adjust the seasoning to taste if necessary. 3. Slice roll horizontally. Toast if desired. Spread both cut sides with the Caesar dressing. Layer the bottom half of the bread with the romaine lettuce, then top with parmesan, cooked baconand sliced chicken. place top half on bread and slice in half.','Chicken Caesar Club');
insert into recipe (name, serving_size, preptime, ingredient_list, instructions,image_path) values('4 Bean and Pumpkin Chili', 8, 45, '1 tablespoon olive oil, 1 onion (chopped), 3 carrots (peeled and diced), 3 cloves of garlic (minced), 4 cups vegetable broth, 3 cups pumpkin or butternut squash (diced), 1 can crushed tomatoes, 1 (15oz) can of each, black, great northern, pinto, andred beans(rinsed), 3 tablespoons chili powder, 2 tablespoon cumin, 2 tablespoon cumin, 1 teaspoon ground cinnamon, 1/4 teaspoon cayenne pepper, Salt and pepper, 3oz pumpkin seeds, 3oz crumbled queso fresco cheese', '1. Heat the oil in a large pot over medium to hight heat. Add onions and cook, stirring often, until the onions begin to turn brown. Reduce heat to medium, add carrots and continue cooking until vegetables are soft, about four minutes. Add the garlic ad cook for one additional minute. 2. Stir in broth and bring to boil over high heat. Add pumpkin or squash, tomatoes, beans, chili powder, cumin, cinnamin, cayenne, salter, and pepper. 3. Return to a boil and reduce heat to maintain a simmer and cook until the pumpkin or squash is tender, about 30 minutes. 4. Put the soup into bowls and garnish with pumpkin seeds and queso fresco cheese.','4 Bean and Pumpkin Chili');
insert into recipe (name, serving_size, preptime, ingredient_list, instructions,image_path) values('Jicama Salad', 10, 10, '2-3 large Jicama (peeled and cut into julienne strips), 1 granny smith apple (peeled and cut into julienne strips), 1 red pepper (cut into julienne strips), 6oz plain yogurt, 2 tablespoons lemon juice, 3/4 teaspoon ground cumin, Salt and pepper', '1. Combine the jicama, apple, and red pepper in a medium bowl. 2. In a separate small bowl, mix together the yogurt, lemon juice, and cumin. Season with salt and pepper. Pour dressing over the jicama mixture and toss tp combine. 3 Serve immediately or refrigerate for later service.','Jicama Salad');
insert into recipe (name, serving_size, preptime, ingredient_list, instructions,image_path) values('Tortilla Soup', 8, 45, '6 tomatoes, cored, 1 white onion (halved and peeled), 2 cloves of garlic (peeled), 1 rotissere chicken (remove meat from bone), 5oz vegetable oil, 1 tablespoon fresh thyme, 1 tablespoon fresh chives, 1 jalapeno (seeded and diced), 2 corn tortillas (torn apart into small pieces), Salt and pepper, 1 avacado (cut into medium sized pieces), 1 tablespoon fresh cilantro, 3oz crumbled queso fresco cheese ', '1. Dry roast the tomatoes, onion, and garlic on a cast iron skillet over medium high heat until tomatoes beginto soften and their edges char. 2. Puree the roasted tomatoes, onions, and garlic in a blender until smooth. 3. Heat 2oz of oil in a large stock pot over medium high heat and saute the pureed mixture, stiring frequently, until it deepens in color, about five minutes. 4. Add the chicken broth, thyme, chives, and jalapeno. Season with salt and pepper and bring the soup to boil. Simmer for 30 minutes. 5. After simmering for 30 minutes whisk in the tortilla a few at a time. The tortillas will begin to thicken the soup, about 5 minutes. Add the rotisserie chicken boneless meat and re-season if needed. 6. Put the soup into bowls and garnish with avocado, fresh cilantro, and queso fresco.','Tortilla Soup');
insert into recipe (name, serving_size, preptime, ingredient_list, instructions) values('Chicken Tortilla Soup', 8, 45, '2 pounds chicken or meat of choice, 1 32 ounce box chicken or vegetable stock, 1 15 ounce can black beans(drained and rinsed), 1 15 ounce can petite diced tomatoes (with juice), 1 4ounce can diced green chilis, 1 15 ounce can of corn (drained), 1 cup cooked instant brown rice, 1 cup salsa, 2 tablespoons all natural-taco seasoning mix (either make your own or use store bought package)(Optional Toppings: shredded cheddar cheese, jalepenos, sour cream or plain Greek yogurt, crushed tortilla chips, 1/2 tablespoon gumbo file poweder)', '1. Freezing Instructions: Add all ingredients to a labeled freezer safe gallon bag. Make sure bag is closed and place flat into the freezer. 2) Thawing Instructions: thaw in the refridgerator or use the defrost setting on the microwave. 3) Slow Cooker Instructions: Place all ingredients in slow cooker - Cook on LOW for 5-6 hours or HIGH for 2-3 hours. 4) Stovetop Instructions: Place all ingredients in large saucepot. Simmer for 20-30 minutes, or until the rice is fully cooked.');
insert into recipe (name, serving_size, preptime, ingredient_list, instructions) values('Apple Cider Poached Pear and Brie Salad with Toasted Hazelnuts', 4, 30, '2-3 bosc pears (peeled and cored), 3 cups apple cider, 1/2 cup agave syrup, 1/2 cup orange juice, 2 teaspoons orange zest, 1 cinnamon stick, 1 vanilla bean (split lengthwise), 1 bag spring mix lettuce, 5oz of brie cheese (cut into thin slices), 5oz hazelnutz (toasted and chopped)', '1) In a medium sized sauce pot over medium-high heat add cider & agrave syrup & orange zest & orange juice & vanilla bean (bring to a simmer) 2) Once the pears are cooled - remove from poaching liquid and slice in half - then cut into strips. 3) In a large bowl, add lettuce and pour some of the poaching liquid over the lettuce until evenly coated. Place lettuce on a chilled plate and top with brie cheese & pears & hazelnuts.');
insert into recipe (name, serving_size, preptime, ingredient_list, instructions) values('Lobster and Quinoa Risotto', 4, 40, '2 bell peppers, 6oz lobster leg and claw meat, 2 cups quinoa, 4 cups vegetable stock, 2 tablespoons olive oil, 1 redonion (diced), 1 garlic clove (minced), 1 cup frozen corn, 1/4 cup fresh basil, Salt and Pepper.', '1) Roast the peppersby placing them over an open gas flame or under your broiler in the oven -- tuen the peppers during the cooking process to char all sides. 2) Put peppers in a bowl and cover tightly with plastic wrap - Using your hands, peel off the charred skin -- discard the cores/stems/seeds and dice the peppers & set aside. 3) Put quinoa into a fine strainer and rinse under cold water. Drain thoroughly. 4) Bring vegetable broth to a boil in a medium saucepan - meanwhile, heat oil in a large saucepan over medium-high heat -- Add the onion and garlic to the oil and cook for four minutes until tender -- add the paprika and quinoa and cook for about two minutes stirring until quinoa is coated with oil and vegetables. 5) Pour hot broth over quinoa and bring to a simmer - stirring occasionally - Season with salt and pepper. Cook for 8 minutes - stirring frequently until most of the liquid is absorbed (but the quinoa is still moist). 6) Add corn/roasted peppers/lobster to the quinoa and cook for about three minutes, until heated through - Add the basil and cook the risotto gently for about two minutes longer, until the risotto is slightly moist and creamy - stir often.');
insert into recipe (name, serving_size, preptime, ingredient_list, instructions) values('Mascarpone Stuffed Strawberries', 24, 10, '6oz, mascarpone (softened), 1 teaspoon lemon juice, 1/2 tablespoon vanilla extract, 2 tablespoons powdered sugar, 24 strawberries (cored and hulled), 1oz semi-sweet chocolate morsels, 2 tablespoons finely chopped nuts', '1) In a large bowl - add the mascarpone, lemon juice, and powdered sugar (mix until combined) - Scoop cheese mixture into a small piping bag with a star tip. 2) Pipe the cheese filling into the hallowed-out strawberries. 3) Using a double boiler melt the chocolate morsels. 4) Sprinkle with finely chopped nuts on top of cheese - Using a fork, drizzle the melted chocolate on top of the nuts, cheese, and half of the strawberry. 5) Refridgerate until ready to eat');
insert into recipe (name, serving_size, preptime, ingredient_list, instructions) values('Oatmeal Meatloaf', 8, 0, '1 1/2 pounds lean ground beef or turkey, 3/4 cup quick oats, 1/2 cup finely chopped onion, 1/2 cup bell peppers, 1/2 cup of ketchup, 1 egg (lightly beaten), 1 tablespoon Worcestershire sauce, 2 cloves garlic (minced), 1/2 teaspoon salt, 1/4 teaspoon black pepper', '1) Combine all ingredients in large bowl; mix lightly but thoroughly. 2) Place in pan and place labeled lid on top - Put into freezer to bake later. 3) Thaw in refrigerator for 24-48 hours - Bake in 350 degree oven for 50 to 55 minutes or until meatloaf is to medium doneness (160 degree F for beef, 170 degree F for turkey), until not pink in center and juices show no pink color; Let stand 5 minutes before slicing.');
insert into recipe (name, serving_size, preptime, ingredient_list, instructions) values('Ultimate Spinach and Turkey Lasagna', 9, 30, '1 tablespoon olive oil, 1 medium onion chopped (2 cups), 2 minced garlic cloves, 3/4 pound ground turkey breast, 1 1/2 cups part-skim ricotta cheese, 1 10 ounce package frozen spinach - completely defrosted and squeezed of all excess liquid, 1/4 cup chopped parsley, 2 egg whites, 1/4 teaspoon salt, 1/4 teaspoon pepper, 12 lasagna noodles cooked al dente according to package instructions or use oven-ready lasagna noodles, 1/2 cup shredded part-skim mozzarella cheese, 1/4 cup shredded parmesan cheese.', '1) Heat oil in a large high-sided skillet, stirring occasionally, until softened, 6-7 minutes - Add garlic and cook 1 minute - Add turkey and cook, breaking up with a spoon until no longer pink and cooked through, 4-5 minutes. Add marinara, bring to a boil, reduce heat, and simmer 2-3 minutes - Remove pan from heat and cool slightly. 2) Combine ricotta, spinach, parsley, egg whites, salt, and pepper ina large bowl. 3) Coat the bottom of a 14x11 inch lasagna pan with 1/2 cup sauce - Arrange three lasagna noodles on the bottom of the pan - spread 3/4 cup sauce evenly over noodles. Spoon 2/3 cup ricotta-spinach mixture evenly on top of sauce- Repeat layers two more times. 4) Cover top with three noodles and remaining 3/4 cup sauve - Sprinkle with mozzarella and parmesan. 5) Cover top of aluminum pan with lid and place into the freezer. 6) Thaw in refridgerator for 24 to 48 hours and bake in a 375 degree oven covered for 45 minutes. Remove lid and bake 10 to 15 minutes until cheese isbubbly - Cut into 9 squares and serve. **Note it is possible to bake without thawing, the pan will take longer to cook in the oven (2-3 hours at most). ');
insert into recipe (name, preptime,serving_size, ingredient_list, instructions) values('Chicken & Poblano Tacos with Crem a', 4, 0, '5 poblano chiles, 4 boneless chicken thighs with skin - 1 pound - pounded 1/2 inch thick, Kosher salt, Freshly ground pepper, 1/2 cup chopped cilantro, 12 warm corn tortillas, Mexican crema or sour cream - shredded romaine lettuce - chopped white onion and lime wedges for serving', '1) Roast the poblanos directly over a gas flame or under a preheated broiler, turning, until charred all over. 2) Transfer the chiles to a bowl, cover with plastic wrap, and let steam for 15 minutes. Peel, seed and stem the chiles, then cut them into 1/4 inch strips. 3) Light and grill or preheat a grill pan - Brush the chicken all over with oil and season with salt and pepper. 4) Grill over moderately high heat, turning once, until the skin is crisp and browned about 8 minutes - Transfer chicken to a carving board and cut into 1/2 inch strips. 5) In a medium bowl, toss the poblano strips with the chicken and cilantro and season with salt and pepper. 6) Serve the chicken-poblano filling in the warm tortillas with the crema, lettuce, onion, and lime wedges.');
insert into recipe (name, preptime,serving_size, ingredient_list, instructions) values('Fresh Tomato Bruschetta',10,50, '8 ripe plum tomatoes (seeded and diced), 2 tbsp finely minced garlic, 1/2 cup coarsely chopped fresh parsley, 1 tbso fresh lemon juice, 1/2 tbsp extra-virgin olive oil, 1 tsp finely minced fresh tarragon, 1/4 tsp crushed red pepper flakes, 2 baguettes (cut in 1/2 inch thick slices, 6 cloves garlic (cut in half)', '1) In a bowl, mix all ingredients except bread and garlic cloves. 2) Add salt and pepper to taste. 3) Set aside, unrefridgerated, three hours. 4) Heat oven to 350 degrees F - Toast bread on a baking sheet. Rub cut side of garlic on each slice, top with tomato mixture.');
insert into recipe (name, serving_size, preptime, ingredient_list, instructions) values('Korean BBQ Beef', 4, 30, '1 pound beef top sirloin, thinly sliced, 1 tablespoon sessame oil, 1 recipe of Korean dipping sauce/marinade', '1) In a ziplock bag add thinly sliced meat and marinade - Refridgerate overnight. 2) Heat a large saute pan over medium high heat, add sesame oil - Add the marinated thinly sliced beef and cook until preferred doneness. 3) Serve immediately');
insert into recipe (name, serving_size, preptime, ingredient_list, instructions) values('Korean Dipping Sauce Marinade', 6,10, '2 tablespoons rice vinegar, 2 tablespoons soy sauce, 2 tablespoons sesame seeds, 2 garlic cloves (minced), 2 scallions (finely chopped), 1 1/4 inch piece fresh ginger (peeled and minced), 2 teaspoons sugar, 1 tablespoon hot bean paste, 1 teaspoon sesame oil', '1) In a medium sized bowl add all ingredients except the sesame oil. Whisk together until combined. 2) Slowly whisk in sesame oil, refridgerate overnight.');
insert into recipe (name, serving_size, preptime, ingredient_list, instructions) values('Korean Spicy Chicken Stew (Dakdoritang)', 4, 45, '1 1/2 cup water, 1/4 cup soy sauce, 2 tablespoons rice vinegar, 2 tablespoons red chili paste, 2 tablespoons red chili pepper flakes, 2 tablespoons honey, 3 pounds boneless chicken thighs, 10oz potatoes (diced into large pieces), 2 carrots (diced into large pieces), 1 onion (diced into large pieces), 4 cloves of garlic (minced), 1 1/4 inch piece fresh ginger (peeled and minced), 2 scallions cut into pieces, 1 tablespoon sesame oil, 1 teaspoon sesame seeds', '1) In a large pot, over medium hgih heat stir together waterm soy sauce, rice, vinegar, red chili paste, chili flakes, and honey. Add chicken and bring to a boil - Reduce heat to medium and cook covered for about 15 minutes. 2) Stir in potatoes, onions, carrots, ginger, and garlic and cook covered for another 15 minutes until vegetables are tender. Remove cover and cook for another 10 minutes until soup slightly thickens. 3) To finish the soup stir in the green onions, sesame oil and sesame seeds.');

insert into users (email, password, admin) values ('t.vela19@yahoo.com', 'dontworry', true);

insert into category(category_name) values ('Ketogenic');
insert into category(category_name) values ('low fat');
insert into category(category_name) values ('low sugar');
insert into category(category_name) values ('Cardiac');


insert into cat_recipe(category_id,recipe_id) values (1,1);
insert into cat_recipe(category_id,recipe_id) values (1,2);
insert into cat_recipe(category_id,recipe_id) values (2,3);
insert into cat_recipe(category_id,recipe_id) values (3,4);
insert into cat_recipe(category_id,recipe_id) values (4,5);
insert into cat_recipe(category_id,recipe_id) values (4,6);

insert into tag(tag_name) values ('Protein-rich');
insert into tag(tag_name) values ('Dirty-keto');
insert into tag(tag_name) values ('Low carb');
insert into tag(tag_name) values ('Warrior diet');
insert into tag(tag_name) values ('Vegan');
insert into tag(tag_name) values ('Heart-healthy');
insert into tag(tag_name) values ('Low-Sodium');
insert into tag(tag_name) values ('lunch');
insert into tag(tag_name) values ('dinner');
insert into tag(tag_name) values ('breakfast');
insert into tag(tag_name) values ('tasty');
insert into tag(tag_name) values ('delicious');
insert into tag(tag_name) values ('Keto');
insert into tag(tag_name) values ('fat-free');
insert into tag(tag_name) values ('Spicy');
insert into tag(tag_name) values ('Low Fat');

insert into tag_recipe(tag_id,recipe_id) values (1,1);
insert into tag_recipe(tag_id,recipe_id) values (2,2);
insert into tag_recipe(tag_id,recipe_id) values (2,3);
insert into tag_recipe(tag_id,recipe_id) values (1,4);
insert into tag_recipe(tag_id,recipe_id) values (4,5);
insert into tag_recipe(tag_id,recipe_id) values (4,6);

insert into diet (name, imagename) values('Baby Spinach, Avacado, Grapefruit Salad with Balsamin Vinaigrette', 'Baby Spinach, Avacado, Grapefruit Salad with Balsamin Vinaigrette');
insert into diet (name, imagename) values('Chicken and Shrimp Gumbo', 'Chicken and Shrimp Gumbo');
insert into diet (name, imagename) values('Chicken Caesar Club', 'Chicken Caesar Club');
insert into diet (name, imagename) values('4 Bean and Pumpkin Chili', '4 Bean and Pumpkin Chili');
insert into diet (name, imagename) values('Jicama Salad', 'Jicama Salad');
insert into diet (name, imagename) values('Tortilla Soup', 'Tortilla Soup');



COMMIT;